INSERT INTO public.municipio (id_municipio, nombre, area, altitud) VALUES 
(1, 'ALMEIDA', 950, 1800),
(2, 'AQUITANIA', 800, 1600),
(3, 'ARCABUCO', 1100, 1950),
(4, 'BELÉN', 600, 1500),
(5, 'BERBEO', 700, 1700),
(6, 'BETEITIVA', 550, 1400),
(7, 'BOAVITA', 900, 1750),
(8, 'BOYACÁ', 720, 1650),
(9, 'BRICEÑO', 850, 1800),
(10, 'BUENAVISTA', 750, 1700),
(11, 'BUSBANZÁ', 600, 1600),
(12, 'CALDAS', 950, 1900),
(13, 'CAMPOHERMOSO', 800, 1650),
(14, 'CERINZA', 700, 1550),
(15, 'CHINAVITA', 720, 1700),
(16, 'CHIQUINQUIRÁ', 920, 2000),
(17, 'CHÍQUIZA', 650, 1450),
(18, 'CHISCAS', 750, 1600),
(19, 'CHITA', 550, 1500),
(20, 'CHITARAQUE', 680, 1650),
(21, 'CHIVATÁ', 770, 1750),
(22, 'CHIVOR', 880, 1900),
(23, 'CIÉNEGA', 710, 1750),
(24, 'CÓMBITA', 630, 1600),
(25, 'COPER', 600, 1550),
(26, 'CORRALES', 680, 1600),
(27, 'COVARACHIA', 790, 1750),
(28, 'CUBARÁ', 840, 1800),
(29, 'CUCAITA', 780, 1700),
(30, 'CUITIVA', 860, 1850),
(31, 'DUITAMA', 920, 1950),
(32, 'EL COCUY', 880, 1900),
(33, 'EL ESPINO', 630, 1550),
(34, 'FIRAVITOBA', 720, 1700),
(35, 'FLORESTA', 820, 1800),
(36, 'GACHANTIVÁ', 730, 1750),
(37, 'GÁMEZA', 640, 1600),
(38, 'GARAGOA', 750, 1700),
(39, 'GUACAMAYAS', 840, 1800),
(40, 'GUATEQUE', 780, 1700),
(41, 'GUAYATÁ', 870, 1850),
(42, 'GÜICÁN', 650, 1500),
(43, 'IZA', 760, 1750),
(44, 'JENESANO', 890, 1900),
(45, 'JERICÓ', 930, 1950),
(46, 'LABRANZAGRANDE', 770, 1700),
(47, 'LA CAPILLA', 650, 1550),
(48, 'LA UVITA', 790, 1700),
(49, 'LA VICTORIA', 880, 1850),
(50, 'MACANAL', 710, 1650),
(51, 'MARIPÍ', 720, 1700),
(52, 'MIRAFLORES', 830, 1800),
(53, 'MONGUA', 940, 1950),
(54, 'MONGUÍ', 650, 1550),
(55, 'MONIQUIRÁ', 770, 1700),
(56, 'MOTAVITA', 890, 1900),
(57, 'MUZO', 650, 1550),
(58, 'NOBSA', 780, 1700),
(59, 'NUEVO COLÓN', 850, 1800),
(60, 'OICATÁ', 890, 1900),
(61, 'OTANCHE', 770, 1700),
(62, 'PACHAVITA', 670, 1600),
(63, 'PÁEZ', 880, 1850),
(64, 'PAIPA', 970, 2000),
(65, 'PAJARITO', 750, 1650),
(66, 'PANQUEBA', 670, 1600),
(67, 'PAUNA', 890, 1900),
(68, 'PAYA', 930, 1950),
(69, 'PAZ DE RIO', 840, 1800),
(70, 'PESCA', 800, 1750),
(71, 'PISBA', 660, 1550),
(72, 'PUERTO BOYACÁ', 730, 1650),
(73, 'QUÍPAMA', 770, 1700),
(74, 'RAMIRIQUÍ', 860, 1850),
(75, 'RÁQUIRA', 950, 1950),
(76, 'RONDÓN', 690, 1600),
(77, 'SABOYÁ', 810, 1750),
(78, 'SÁCHICA', 930, 1950),
(79, 'SAMACÁ', 860, 1850),
(80, 'SAN EDUARDO', 690, 1600),
(81, 'SAN JOSÉ DE PARE', 760, 1750),
(82, 'SAN LUIS DE GACENO', 890, 1900),
(83, 'SAN MATEO', 950, 1950),
(84, 'SAN MIGUEL DE SEMA', 880, 1900),
(85, 'SAN PABLO DE BORBUR', 780, 1700),
(86, 'SANTA MARÍA', 700, 1650),
(87, 'SANTANA', 770, 1700),
(88, 'SANTA ROSA DE VITERBO', 890, 1900),
(89, 'SANTA SOFÍA', 920, 1950),
(90, 'SATIVANORTE', 740, 1650),
(91, 'SATIVASUR', 720, 1600),
(92, 'SIACHOQUE', 820, 1750),
(93, 'SOATÁ', 780, 1700),
(94, 'SOCHA', 860, 1850),
(95, 'SOCOTÁ', 730, 1650),
(96, 'SOGAMOSO', 710, 1600),
(97, 'SOMONDOCO', 830, 1750),
(98, 'SORA', 890, 1900),
(99, 'SORACÁ', 920, 1950),
(100, 'SOTAQUIRÁ', 840, 1800),
(101, 'SUSACÓN', 750, 1650),
(102, 'SUTAMARCHÁN', 860, 1850),
(103, 'SUTATENZA', 930, 1950),
(104, 'TASCO', 880, 1900),
(105, 'TENZA', 760, 1750),
(106, 'TIBANÁ', 670, 1600),
(107, 'TIBASOSA', 780, 1700),
(108, 'TINJACÁ', 830, 1750),
(109, 'TIPACOQUE', 940, 1950),
(110, 'TOCA', 890, 1900),
(111, 'TOGÜÍ', 720, 1600),
(112, 'TÓPAGA', 830, 1750),
(113, 'TOTA', 850, 1800),
(114, 'TUNJA', 920, 1950),
(115, 'TUNUNGUÁ', 950, 2000),
(116, 'TURMEQUÉ', 780, 1700),
(117, 'TUTA', 860, 1850),
(118, 'TUTAZÁ', 930, 1950),
(119, 'ÚMBITA', 740, 1650),
(120, 'VENTAQUEMADA', 720, 1600),
(121, 'VILLA DE LEYVA', 820, 1750),
(122, 'VIRACACHÁ', 880, 1900),
(123, 'ZETAQUIRA', 940, 1950);

INSERT INTO public.vivienda (id_vivienda, direccion, capacidad, niveles) VALUES 
(1, 'Carrera 10 #23-45', 4, 2),
(2, 'Calle 15 #12-30', 3, 1),
(3, 'Avenida Circunvalar #50-67', 6, 3),
(4, 'Carrera 5 #8-10', 5, 2),
(5, 'Calle 20 #15-25', 4, 1),
(6, 'Avenida Boyacá #35-40', 8, 3),
(7, 'Carrera 30 #28-15', 7, 2),
(8, 'Calle 25 #18-22', 6, 2),
(9, 'Avenida 68 #12-10', 9, 4),
(10, 'Carrera 7 #5-8', 3, 1),
(11, 'Calle 12 #10-5', 2, 1),
(12, 'Avenida Primero de Mayo #40-32', 5, 2),
(13, 'Carrera 18 #22-18', 4, 1),
(14, 'Calle 35 #30-15', 6, 2),
(15, 'Avenida Caracas #17-20', 7, 3),
(16, 'Carrera 50 #45-50', 8, 3),
(17, 'Calle 40 #38-45', 5, 2),
(18, 'Avenida Suba #52-10', 10, 4),
(19, 'Carrera 12 #8-5', 3, 1),
(20, 'Calle 28 #20-15', 4, 1),
(21, 'Avenida 15 #30-25', 6, 2),
(22, 'Carrera 25 #22-18', 7, 3),
(23, 'Calle 50 #35-40', 4, 1),
(24, 'Avenida NQS #40-32', 8, 3),
(25, 'Carrera 17 #14-10', 5, 2),
(26, 'Calle 60 #55-60', 9, 4),
(27, 'Avenida Chile #12-8', 7, 3),
(28, 'Carrera 22 #18-22', 6, 2),
(29, 'Calle 70 #65-70', 5, 1),
(30, 'Avenida Centenario #30-25', 8, 3),
(31, 'Carrera 33 #28-30', 6, 2);


INSERT INTO public.persona (id_persona, nombre, documento, celular, edad, sexo) VALUES 
(1, 'ORLANDO CASTAÑEDA MONTENEGRO', '100000001', '3211000001', 35, 'M'),
(2, 'HECTOR ORLANDO BARRERA CARDENAS', '100000002', '3211000002', 42, 'M'),
(3, 'YAMITH RODRIGO RODRIGUEZ LOPEZ', '100000003', '3211000003', 29, 'M'),
(4, 'OSCAR EDUARDO BOADA CASTRO', '100000004', '3211000004', 38, 'M'),
(5, 'DANIEL LOPEZ VALLEJO', '100000005', '3211000005', 31, 'M'),
(6, 'EDWIN RENE PAVA RINCON', '100000006', '3211000006', 34, 'M'),
(7, 'FABIO FIGUEROA JIMENEZ', '100000007', '3211000007', 37, 'M'),
(8, 'RAFAEL ANTONIO RATIVA DIAZ', '100000008', '3211000008', 40, 'M'),
(9, 'BEATRIZ PAEZ CASTELLANOS', '100000009', '3211000009', 29, 'F'),
(10, 'MIGUEL ANTONIO CASTILLO BARRAGAN', '100000010', '3211000010', 38, 'M'),
(11, 'WYLLAN ORLANDO PEÑALOZA ALBARRACIN', '100000011', '3211000011', 35, 'M'),
(12, 'ISNARDO ALFONSO CASTELLANOS PEÑA', '100000012', '3211000012', 42, 'M'),
(13, 'JAIME YESID RODRIGUEZ ROMERO', '100000013', '3211000013', 31, 'M'),
(14, 'JUAN ALCIBIADES CELY AMAYA', '100000014', '3211000014', 34, 'M'),
(15, 'FIYER ALEXANDER URREGO BEJARANO', '100000015', '3211000015', 37, 'M'),
(16, 'WILMAR ANCISAR TRIANA GONZALEZ', '100000016', '3211000016', 40, 'M'),
(17, 'ELKIN YAMID SUAREZ PACHECO', '100000017', '3211000017', 29, 'M'),
(18, 'CAMILO ANDRES CAICEDO SILVA', '100000018', '3211000018', 38, 'M'),
(19, 'JOSE MIGUEL VELANDIA ALARCON', '100000019', '3211000019', 35, 'M'),
(20, 'FABIAN ARMANDO SILVA SANCHEZ', '100000020', '3211000020', 42, 'M'),
(21, 'RAFAEL ANTONIO FONSECA CELY', '100000021', '3211000021', 31, 'M'),
(22, 'DIDIER AURELIO MARTINEZ VARGAS', '100000022', '3211000022', 34, 'M'),
(23, 'RAMIRO FONSECA CRUZ', '100000023', '3211000023', 37, 'M'),
(24, 'NELSON PEREZ SUAREZ', '100000024', '3211000024', 40, 'M'),
(25, 'AURORA DEL CARMEN NIETO MOLINA', '100000025', '3211000025', 29, 'F'),
(26, 'PEDRO ANTONIO LOPEZ PRIETO', '100000026', '3211000026', 38, 'M'),
(27, 'WILSON ISAY MORENO VEGA', '100000027', '3211000027', 35, 'M'),
(28, 'AURA BENILDA TEGRIA CRISTANCHO', '100000028', '3211000028', 42, 'F'),
(29, 'JOSE MOISES CASTILLO DUARTE', '100000029', '3211000029', 31, 'M'),
(30, 'SEGUNDO ALDEMAR TOCA SUAREZ', '100000030', '3211000030', 34, 'M'),
(31, 'HERNEL DAVID ORTEGA GÓMEZ', '100000031', '3211000031', 37, 'M'),
(32, 'TOMAS RUIZ SILVA', '100000032', '3211000032', 40, 'M'),
(33, 'EDBERTO JOSE JAIME COCUNUBO', '100000033', '3211000033', 29, 'M'),
(34, 'EMILIANO ALFONSO CHAPARRO FONSECA', '100000034', '3211000034', 38, 'M'),
(35, 'WILMAR JULIAN RINCON MARIÑO', '100000035', '3211000035', 35, 'M'),
(36, 'PEDRO ALONSO AGUILLON PUENTES', '100000036', '3211000036', 42, 'M'),
(37, 'JOSE ALIRIO OCHICA PEREZ', '100000037', '3211000037', 31, 'M'),
(38, 'FABIO AUGUSTO AREVALO', '100000038', '3211000038', 34, 'M'),
(39, 'WILSON FERNANDO BARON GOMEZ', '100000039', '3211000039', 37, 'M'),
(40, 'IVAN CAMILO CAMERO ALFONSO', '100000040', '3211000040', 40, 'M'),
(41, 'JOHN SANTIAGO RUIZ ALFONSO', '100000041', '3211000041', 29, 'M'),
(42, 'JUAN DE JESUS ESTUPIÑAN PEREZ', '100000042', '3211000042', 38, 'M'),
(43, 'ROBINSON LEANDRO SALAMANCA RINCON', '100000043', '3211000043', 35, 'M'),
(44, 'NUBIA JACQUELINE CARO PEREZ', '100000044', '3211000044', 42, 'F'),
(45, 'MAYERLY BAEZ MERCHAN', '100000045', '3211000045', 31, 'F'),
(46, 'ERICA PAOLA PEÑA ALVAREZ', '100000046', '3211000046', 34, 'F'),
(47, 'RAUL HERNANDO RODRIGUEZ CHAVARRO', '100000047', '3211000047', 37, 'M'),
(48, 'RONALD GERARDO CORDERO JAIME', '100000048', '3211000048', 40, 'M'),
(49, 'LEONARDO VEGA BUSTOS', '100000049', '3211000049', 29, 'M'),
(50, 'JAVIER ANDRES SOLANO ROJAS', '100000050', '3211000050', 38, 'M'),
(51, 'IMER YARIDMA MURCIA MONROY', '100000051', '3211000051', 35, 'F'),
(52, 'FREDY ALEXANDER HOLGUIN RUIZ', '100000052', '3211000052', 42, 'M'),
(53, 'MARCO FIDEL SILVA ROJAS', '100000053', '3211000053', 31, 'M'),
(54, 'OSWALDO PEREZ QUIROZ', '100000054', '3211000054', 34, 'M'),
(55, 'JOSE CLODOMIRO ARIZA PARDO', '100000055', '3211000055', 37, 'M'),
(56, 'MERY MOZO FONSECA', '100000056', '3211000056', 40, 'F'),
(57, 'NEICER ALBEIRO SUSA SOTELO', '100000057', '3211000057', 29, 'M'),
(58, 'ALFREDO HERNANDO NIÑO SIERRA', '100000058', '3211000058', 38, 'M'),
(59, 'HECTOR WILSON CASTELBLANCO RODRIGUEZ', '100000059', '3211000059', 35, 'M'),
(60, 'FREDY ALEXANDER GARZON ROJAS', '100000060', '3211000060', 42, 'M'),
(61, 'EVELIO PUENTES ROCHA', '100000061', '3211000061', 31, 'M'),
(62, 'JOSE FERNANDO ROA ORJUELA', '100000062', '3211000062', 34, 'M'),
(63, 'ELBER YAMID PEDROS HOLGUIN', '100000063', '3211000063', 37, 'M'),
(64, 'FABIO ALBERTO MEDRANO REYES', '100000064', '3211000064', 40, 'M'),
(65, 'JESUS NOE RIVEROS LOPEZ', '100000065', '3211000065', 29, 'M'),
(66, 'JORGE MARIO IBAÑEZ ARANGO', '100000066', '3211000066', 38, 'M'),
(67, 'HENRY IVAN MATALLANA TORRES', '100000067', '3211000067', 35, 'M'),
(68, 'BENJAMIN PEREZ CRISTANCHO', '100000068', '3211000068', 42, 'M'),
(69, 'EDWARD EDIXON ARCHILA GONZALEZ', '100000069', '3211000069', 31, 'M'),
(70, 'MANUEL ALEJANDRO TAMBO RODRIGUEZ', '100000070', '3211000070', 34, 'M'),
(71, 'WILTON GIOVANI RUIZ CORREA', '100000071', '3211000071', 37, 'M'),
(72, 'JICLY ESGARDO MUTIS ISAZA', '100000072', '3211000072', 40, 'M'),
(73, 'CARLOS ALBERTO AVILA CEPEDA', '100000073', '3211000073', 29, 'M'),
(74, 'JOSE MOISES AGUIRRE SANABRIA', '100000074', '3211000074', 38, 'M'),
(75, 'JOSE HERNAN SIERRA BUITRAGO', '100000075', '3211000075', 35, 'M'),
(76, 'SANDRO RODOLFO BORDA ROJAS', '100000076', '3211000076', 42, 'M'),
(77, 'JEFERSON LEONARDO ORTIZ SANABRIA', '100000077', '3211000077', 31, 'M'),
(78, 'HUGO BUITRAGO', '100000078', '3211000078', 34, 'M'),
(79, 'LUIS ALBERTO APONTE GOMEZ', '100000079', '3211000079', 37, 'M'),
(80, 'MIGUEL ANTONIO MORA VALLEJO', '100000080', '3211000080', 40, 'M'),
(81, 'ELDER ACUÑA SANCHEZ', '100000081', '3211000081', 29, 'M'),
(82, 'JUAN CARLOS BUITRAGO SALGADO', '100000082', '3211000082', 38, 'M'),
(83, 'MILTON DIAZ BONILLA', '100000083', '3211000083', 35, 'M'),
(84, 'OSCAR TRIVIÑO GIL', '100000084', '3211000084', 42, 'M'),
(85, 'NEYDER MAURICIO OBANDO FORERO', '100000085', '3211000085', 31, 'M'),
(86, 'PABLO ANTONIO BERNAL SANCHEZ', '100000086', '3211000086', 34, 'M'),
(87, 'RAUL FERNANDO MORENO WALTEROS', '100000087', '3211000087', 37, 'M'),
(88, 'WILSON RICARDO BAEZ SOLANO', '100000088', '3211000088', 40, 'M'),
(89, 'WILLIAM GUSTAVO PARRA MERCHAN', '100000089', '3211000089', 29, 'M'),
(90, 'JIMENO GARCIA GARCIA', '100000090', '3211000090', 38, 'M'),
(91, 'EDISON MANUEL APARICIO ARISMENDY', '100000091', '3211000091', 35, 'M'),
(92, 'JAIRO GRIJALBA LANCHEROS', '100000092', '3211000092', 42, 'M'),
(93, 'CARLOS JAVIER GUTIERREZ SANDOVAL', '100000093', '3211000093', 31, 'M'),
(94, 'ZANDRA MARIA BERNAL RINCON', '100000094', '3211000094', 34, 'F'),
(95, 'WILLIAM EUSEBIO CORREA DURAN', '100000095', '3211000095', 37, 'M'),
(96, 'RIGOBERTO ALFONSO PEREZ', '100000096', '3211000096', 40, 'M'),
(97, 'EDISON ROLANDO GAITAN ROA', '100000097', '3211000097', 29, 'M'),
(98, 'FLAVIO HERNAN LARGO DURAN', '100000098', '3211000098', 38, 'M'),
(99, 'JOSE MISAEL NEVA OCACION', '100000099', '3211000099', 35, 'M'),
(100, 'HENRY SANTIAGO SUTA TOCA', '100000100', '3211000100', 42, 'M'),
(101, 'SILVIO ALBERTO RINCON ORTEGA', '100000101', '3211000101', 31, 'M'),
(102, 'FRANCISCO JAVIER VILLAMIL', '100000102', '3211000102', 34, 'M'),
(103, 'OSCAR YOVANY MONTENEGRO SALCEDO', '100000103', '3211000103', 37, 'M'),
(104, 'JUAN YESID CUSBA TIBADUIZA', '100000104', '3211000104', 40, 'M'),
(105, 'JOSE LUIS GOMEZ ALFONSO', '100000105', '3211000105', 29, 'M'),
(106, 'GUSTAVO ALEXANDER GARCIA PARRA', '100000106', '3211000106', 38, 'M'),
(107, 'GLORIA CECILIA PALACIOS GUASTAR', '100000107', '3211000107', 35, 'F'),
(108, 'ALSILVER SIERRA MENDIETA', '100000108', '3211000108', 42, 'M'),
(109, 'CARLOS NELSON DIAZ PEREZ', '100000109', '3211000109', 31, 'M'),
(110, 'SEGUNDO CRISANTO OCHOA DIAZ', '100000110', '3211000110', 34, 'M'),
(111, 'GERMAN AUGUSTO SANCHEZ SANCHEZ', '100000111', '3211000111', 37, 'M'),
(112, 'ALVARO HENRY BARRERA DIAZ', '100000112', '3211000112', 40, 'M'),
(113, 'ERIVERTO CRUZ RIAÑO', '100000113', '3211000113', 29, 'M'),
(114, 'LUIS ALEJANDRO FÚNEME GONZÁLEZ', '100000114', '3211000114', 38, 'M'),
(115, 'ERMES URIEL COMBITA SANTANA', '100000115', '3211000115', 35, 'M'),
(116, 'PEDRO ANTONIO MURILLO MORENO', '100000116', '3211000116', 42, 'M'),
(117, 'WILBLIN YESID SOTO MONROY', '100000117', '3211000117', 31, 'M'),
(118, 'JHON ALEXANDER ORTIZ SISSA', '100000118', '3211000118', 34, 'M'),
(119, 'RAFAEL ERNESTO RAMIREZ VALERO', '100000119', '3211000119', 37, 'M'),
(120, 'NELSON BOHORQUEZ OTALORA', '100000120', '3211000120', 40, 'M'),
(121, 'JOSUE JAVIER CASTELLANOS MORALES', '100000121', '3211000121', 29, 'M'),
(122, 'GREGORIO RODRIGUEZ SOLER', '100000122', '3211000122', 38, 'M'),
(123, 'OSCAR YAMID RAMIREZ LOPEZ', '100000123', '3211000123', 35, 'M'),

(124, 'ANDRES FELIPE GONZALEZ LOPEZ', '100000124', '3211000124', 28, 'M'),
(125, 'MARIA FERNANDA RAMIREZ CASTRO', '100000125', '3211000125', 29, 'F'),
(126, 'JUAN CARLOS HERNANDEZ CRUZ', '100000126', '3211000126', 30, 'M'),
(127, 'ANA ISABEL GOMEZ GARCIA', '100000127', '3211000127', 31, 'F'),
(128, 'LUIS EDUARDO MARTINEZ RODRIGUEZ', '100000128', '3211000128', 32, 'M'),
(129, 'LAURA CAMILA DIAZ MARTINEZ', '100000129', '3211000129', 33, 'F'),
(130, 'CARLOS ANDRES SANCHEZ LOPEZ', '100000130', '3211000130', 34, 'M'),
(131, 'ANGELA PATRICIA CASTRO GONZALEZ', '100000131', '3211000131', 35, 'F'),
(132, 'JUAN DAVID RODRIGUEZ HERNANDEZ', '100000132', '3211000132', 36, 'M'),
(133, 'ANDREA CAROLINA LOPEZ RAMIREZ', '100000133', '3211000133', 37, 'F'),
(134, 'SEBASTIAN ALEJANDRO PEREZ GOMEZ', '100000134', '3211000134', 38, 'M'),
(135, 'DIANA MARCELA GARCIA HERNANDEZ', '100000135', '3211000135', 39, 'F'),
(136, 'MARIO FERNANDO MARTINEZ PEREZ', '100000136', '3211000136', 40, 'M'),
(137, 'PAULA ANDREA RODRIGUEZ CASTRO', '100000137', '3211000137', 41, 'F'),
(138, 'FELIPE ANDRES GOMEZ RAMIREZ', '100000138', '3211000138', 42, 'M'),
(139, 'SARA VANESSA HERNANDEZ GARCIA', '100000139', '3211000139', 43, 'F'),
(140, 'JORGE HUMBERTO CASTRO RODRIGUEZ', '100000140', '3211000140', 44, 'M'),
(141, 'ANA SOFIA LOPEZ HERNANDEZ', '100000141', '3211000141', 45, 'F'),
(142, 'MIGUEL ANGEL RAMIREZ PEREZ', '100000142', '3211000142', 46, 'M'),
(143, 'CAROLINA ANDREA GOMEZ CASTRO', '100000143', '3211000143', 47, 'F'),
(144, 'EDUARDO JOSE GARCIA HERNANDEZ', '100000144', '3211000144', 48, 'M'),
(145, 'ANDREA JULIANA MARTINEZ RAMIREZ', '100000145', '3211000145', 49, 'F'),
(146, 'RICARDO ALEJANDRO PEREZ GOMEZ', '100000146', '3211000146', 50, 'M'),
(147, 'MARIA ALEJANDRA HERNANDEZ GARCIA', '100000147', '3211000147', 51, 'F'),
(148, 'JUAN CARLOS CASTRO RODRIGUEZ', '100000148', '3211000148', 52, 'M'),
(149, 'ANA MARIA LOPEZ HERNANDEZ', '100000149', '3211000149', 53, 'F'),
(150, 'CARLOS ENRIQUE RAMIREZ PEREZ', '100000150', '3211000150', 54, 'M'),
(151, 'PAOLA ANDREA GOMEZ CASTRO', '100000151', '3211000151', 55, 'F'),
(152, 'ANDRES FELIPE HERNANDEZ GARCIA', '100000152', '3211000152', 56, 'M'),
(153, 'MARIA FERNANDA CASTRO RODRIGUEZ', '100000153', '3211000153', 57, 'F');


INSERT INTO public.gobierna (id_persona,id_municipio) VALUES
(1,1),
(2,2),
(3,3),
(4,4),
(5,5),
(6,6),
(7,7),
(8,8),
(9,9),
(10,10),
(11,11),
(12,12),
(13,13),
(14,14),
(15,15),
(16,16),
(17,17),
(18,18),
(19,19),
(20,20),
(21,21),
(22,22),
(23,23),
(24,24),
(25,25),
(26,26),
(27,27),
(28,28),
(29,29),
(30,30),
(31,31),
(32,32),
(33,33),
(34,34),
(35,35),
(36,36),
(37,37),
(38,38),
(39,39),
(40,40),
(41,41),
(42,42),
(43,43),
(44,44),
(45,45),
(46,46),
(47,47),
(48,48),
(49,49),
(50,50),
(51,51),
(52,52),
(53,53),
(54,54),
(55,55),
(56,56),
(57,57),
(58,58),
(59,59),
(60,60),
(61,61),
(62,62),
(63,63),
(64,64),
(65,65),
(66,66),
(67,67),
(68,68),
(69,69),
(70,70),
(71,71),
(72,72),
(73,73),
(74,74),
(75,75),
(76,76),
(77,77),
(78,78),
(79,79),
(80,80),
(81,81),
(82,82),
(83,83),
(84,84),
(85,85),
(86,86),
(87,87),
(88,88),
(89,89),
(90,90),
(91,91),
(92,92),
(93,93),
(94,94),
(95,95),
(96,96),
(97,97),
(98,98),
(99,99),
(100,100),
(101,101),
(102,102),
(103,103),
(104,104),
(105,105),
(106,106),
(107,107),
(108,108),
(109,109),
(110,110),
(111,111),
(112,112),
(113,113),
(114,114),
(115,115),
(116,116),
(117,117),
(118,118),
(119,119),
(120,120),
(121,121),
(122,122),
(123,123);

INSERT INTO public.dependiente (id_cabeza_familia,id_dependiente) VALUES
(1,1),
(2,2),
(3,3),
(4,4),
(5,5),
(6,6),
(7,7),
(8,8),
(9,9),
(10,10),
(11,11),
(12,12),
(13,13),
(14,14),
(15,15),
(16,16),
(17,17),
(18,18),
(19,19),
(20,20),
(21,21),
(22,22),
(23,23),
(24,24),
(25,25),
(26,26),
(27,27),
(28,28),
(29,29),
(30,30),
(31,31),
(32,32),
(33,33),
(34,34),
(35,35),
(36,36),
(37,37),
(38,38),
(39,39),
(40,40),
(41,41),
(42,42),
(43,43),
(44,44),
(45,45),
(46,46),
(47,47),
(48,48),
(49,49),
(50,50),
(51,51),
(52,52),
(53,53),
(54,54),
(55,55),
(56,56),
(57,57),
(58,58),
(59,59),
(60,60),
(61,61),
(62,62),
(63,63),
(64,64),
(65,65),
(66,66),
(67,67),
(68,68),
(69,69),
(70,70),
(71,71),
(72,72),
(73,73),
(74,74),
(75,75),
(76,76),
(77,77),
(78,78),
(79,79),
(80,80),
(81,81),
(82,82),
(83,83),
(84,84),
(85,85),
(86,86),
(87,87),
(88,88),
(89,89),
(90,90),
(91,91),
(92,92),
(93,93),
(94,94),
(95,95),
(96,96),
(97,97),
(98,98),
(99,99),
(100,100),
(101,101),
(102,102),
(103,103),
(104,104),
(105,105),
(106,106),
(107,107),
(108,108),
(109,109),
(110,110),
(111,111),
(112,112),
(113,113),
(114,114),
(115,115),
(116,116),
(117,117),
(118,118),
(119,119),
(120,120),
(121,121),
(122,122),
(123,123),
(124,124),
(124,125),
(124,126),
(127,127),
(128,128),
(128,129),
(130,130),
(131,131),
(132,132),
(133,133),
(133,134),
(133,135),
(136,136),
(137,137),
(138,138),
(139,139),
(139,140),
(139,141),
(142,142),
(143,143),
(143,144),
(145,145),
(146,146),
(146,147),
(146,148),
(146,149),
(146,150),
(146,151),
(146,152),
(146,153);

INSERT INTO public.propietario (id_vivienda,id_persona) VALUES
(1,124),
(2,125),
(3,126),
(4,127),
(5,128),
(6,129),
(7,130),
(8,131),
(9,132),
(10,133),
(11,134),
(12,135),
(13,136),
(14,137),
(15,138),
(16,139),
(17,140),
(18,141),
(19,142),
(20,143),
(21,144),
(22,145),
(23,146),
(24,147),
(25,148),
(26,149),
(27,150),
(27,151),
(28,152),
(29,153),
(30,153),
(31,153);


INSERT INTO public.reside (id_vivienda,id_persona) VALUES
(1,124),
(2,125),
(3,126),
(4,127),
(5,128),
(6,129),
(7,130),
(8,131),
(9,132),
(10,133),
(11,134),
(12,135),
(13,136),
(14,137),
(15,138),
(16,139),
(17,140),
(18,141),
(19,142),
(20,143),
(21,144),
(22,145),
(23,146),
(24,147),
(25,148),
(26,149),
(27,150),
(27,151),
(28,152),
(29,153);


INSERT INTO public.ubicada_en (id_vivienda,id_municipio) VALUES
(1,47),
(2,119),
(3,1),
(4,65),
(5,90),
(6,20),
(7,89),
(8,115),
(9,106),
(10,59),
(11,69),
(12,89),
(13,18),
(14,89),
(15,9),
(16,23),
(17,97),
(18,61),
(19,86),
(20,14),
(21,27),
(22,93),
(23,103),
(24,22),
(25,21),
(26,6),
(27,66),
(28,56),
(29,71),
(30,74);